"var1_name","var2_name","Intercept_coef","var1_coef","var2_coef","Intercept_sign","var1_sign","var2_sign","Intercept_pval","var1_pval","var2_pval","Rsq","adj.Rsq","ADF_pval","PP_pval","var1_vif","var2_vif","DW_pval","SW_pval","BP_pval","SignCheck1","SignCheck2"
"lag0_VIX","lag1_Prime.Rt_Ydf","0.795711449008683","-0.0231479751361861","0.322562401070834","+","-","+","0.072246954703693","0.0815363365313291","0.023881245598105","0.448912955601163","0.380027075051309","0.562663223167879","0.0950592039158032","1.07460953218858","1.07460953218858","0.415807828094067","0.922287558852061","0.352978961197296","VIX -","Prime.Rt +"
